site_key,date,species,scientific_name,count,lat,lon,zone,salinity,temperature,turbidity
lower_ross,2026-05-01,bream,Acanthopagrus spp.,4,-19.26,146.81,Downstream,28.352806027266535,23.79136504946197,27.907401230426903
lower_ross,2026-05-01,barramundi,Lates calcarifer,6,-19.26,146.81,Downstream,28.352806027266535,23.79136504946197,27.907401230426903
lower_ross,2026-05-01,flathead,Platycephalus spp.,2,-19.26,146.81,Downstream,28.352806027266535,23.79136504946197,27.907401230426903
lower_ross,2026-05-01,mangrove jack,NA,3,-19.26,146.81,Downstream,28.352806027266535,23.79136504946197,27.907401230426903
ross_mouth,2026-05-01,barramundi,Lates calcarifer,3,-19.25,146.83,Marine,34.08698082671796,24.111775224914243,27.91213219290379
ross_mouth,2026-05-01,flathead,Platycephalus spp.,9,-19.25,146.83,Marine,34.08698082671796,24.111775224914243,27.91213219290379
ross_mouth,2026-05-01,mangrove jack,NA,2,-19.25,146.83,Marine,34.08698082671796,24.111775224914243,27.91213219290379
mid_ross,2026-05-01,bream,Acanthopagrus spp.,2,-19.28,146.78,Middle,14.910436325269885,24.225220695949808,25.88716508270717
mid_ross,2026-05-01,barramundi,Lates calcarifer,4,-19.28,146.78,Middle,14.910436325269885,24.225220695949808,25.88716508270717
mid_ross,2026-05-01,flathead,Platycephalus spp.,3,-19.28,146.78,Middle,14.910436325269885,24.225220695949808,25.88716508270717
mid_ross,2026-05-01,mangrove jack,NA,2,-19.28,146.78,Middle,14.910436325269885,24.225220695949808,25.88716508270717
upper_ross,2026-05-01,bream,Acanthopagrus spp.,2,-19.31,146.74,Upstream,4.88362949760377,24.05739389768456,24.672178468217368
upper_ross,2026-05-01,barramundi,Lates calcarifer,5,-19.31,146.74,Upstream,4.88362949760377,24.05739389768456,24.672178468217368
upper_ross,2026-05-01,flathead,Platycephalus spp.,6,-19.31,146.74,Upstream,4.88362949760377,24.05739389768456,24.672178468217368
lower_ross,2026-05-02,bream,Acanthopagrus spp.,3,-19.26,146.81,Downstream,27.741220418886996,23.98099216983851,24.097998126577686
lower_ross,2026-05-02,barramundi,Lates calcarifer,1,-19.26,146.81,Downstream,27.741220418886996,23.98099216983851,24.097998126577686
lower_ross,2026-05-02,flathead,Platycephalus spp.,3,-19.26,146.81,Downstream,27.741220418886996,23.98099216983851,24.097998126577686
lower_ross,2026-05-02,mangrove jack,NA,1,-19.26,146.81,Downstream,27.741220418886996,23.98099216983851,24.097998126577686
ross_mouth,2026-05-02,bream,Acanthopagrus spp.,3,-19.25,146.83,Marine,33.82737364844482,24.0143105931326,27.53917698988348
ross_mouth,2026-05-02,flathead,Platycephalus spp.,4,-19.25,146.83,Marine,33.82737364844482,24.0143105931326,27.53917698988348
ross_mouth,2026-05-02,mangrove jack,NA,1,-19.25,146.83,Marine,33.82737364844482,24.0143105931326,27.53917698988348
mid_ross,2026-05-02,bream,Acanthopagrus spp.,2,-19.28,146.78,Middle,14.861152396032598,23.977502022637854,25.91668921839804
mid_ross,2026-05-02,flathead,Platycephalus spp.,3,-19.28,146.78,Middle,14.861152396032598,23.977502022637854,25.91668921839804
mid_ross,2026-05-02,mangrove jack,NA,1,-19.28,146.78,Middle,14.861152396032598,23.977502022637854,25.91668921839804
upper_ross,2026-05-02,bream,Acanthopagrus spp.,2,-19.31,146.74,Upstream,4.975227202998894,23.921000592366777,25.10221127028434
upper_ross,2026-05-02,barramundi,Lates calcarifer,8,-19.31,146.74,Upstream,4.975227202998894,23.921000592366777,25.10221127028434
upper_ross,2026-05-02,flathead,Platycephalus spp.,4,-19.31,146.74,Upstream,4.975227202998894,23.921000592366777,25.10221127028434
upper_ross,2026-05-02,mangrove jack,NA,1,-19.31,146.74,Upstream,4.975227202998894,23.921000592366777,25.10221127028434
lower_ross,2026-05-03,flathead,Platycephalus spp.,3,-19.26,146.81,Downstream,28.058155460002077,24.171595896529613,20.565288521904638
lower_ross,2026-05-03,mangrove jack,NA,2,-19.26,146.81,Downstream,28.058155460002077,24.171595896529613,20.565288521904638
ross_mouth,2026-05-03,bream,Acanthopagrus spp.,2,-19.25,146.83,Marine,33.90456148612615,23.96078937358929,25.778079611582584
ross_mouth,2026-05-03,barramundi,Lates calcarifer,1,-19.25,146.83,Marine,33.90456148612615,23.96078937358929,25.778079611582584
ross_mouth,2026-05-03,flathead,Platycephalus spp.,7,-19.25,146.83,Marine,33.90456148612615,23.96078937358929,25.778079611582584
ross_mouth,2026-05-03,mangrove jack,NA,1,-19.25,146.83,Marine,33.90456148612615,23.96078937358929,25.778079611582584
mid_ross,2026-05-03,bream,Acanthopagrus spp.,1,-19.28,146.78,Middle,15.045618529424154,23.97181604013466,27.53508937542712
mid_ross,2026-05-03,barramundi,Lates calcarifer,3,-19.28,146.78,Middle,15.045618529424154,23.97181604013466,27.53508937542712
mid_ross,2026-05-03,mangrove jack,NA,2,-19.28,146.78,Middle,15.045618529424154,23.97181604013466,27.53508937542712
upper_ross,2026-05-03,bream,Acanthopagrus spp.,2,-19.31,146.74,Upstream,4.986486670191826,23.86275587153061,26.32715167374392
upper_ross,2026-05-03,barramundi,Lates calcarifer,4,-19.31,146.74,Upstream,4.986486670191826,23.86275587153061,26.32715167374392
lower_ross,2026-05-04,bream,Acanthopagrus spp.,4,-19.26,146.81,Downstream,28.226922740328284,24.012069097843682,28.3615835707376
lower_ross,2026-05-04,barramundi,Lates calcarifer,1,-19.26,146.81,Downstream,28.226922740328284,24.012069097843682,28.3615835707376
lower_ross,2026-05-04,flathead,Platycephalus spp.,1,-19.26,146.81,Downstream,28.226922740328284,24.012069097843682,28.3615835707376
lower_ross,2026-05-04,mangrove jack,NA,8,-19.26,146.81,Downstream,28.226922740328284,24.012069097843682,28.3615835707376
ross_mouth,2026-05-04,bream,Acanthopagrus spp.,1,-19.25,146.83,Marine,34.188275997421194,24.017288916943965,22.783933828932845
ross_mouth,2026-05-04,barramundi,Lates calcarifer,2,-19.25,146.83,Marine,34.188275997421194,24.017288916943965,22.783933828932845
ross_mouth,2026-05-04,flathead,Platycephalus spp.,6,-19.25,146.83,Marine,34.188275997421194,24.017288916943965,22.783933828932845
ross_mouth,2026-05-04,mangrove jack,NA,2,-19.25,146.83,Marine,34.188275997421194,24.017288916943965,22.783933828932845
mid_ross,2026-05-04,bream,Acanthopagrus spp.,1,-19.28,146.78,Middle,15.587256960132589,24.134712904419608,25.657518953478966
mid_ross,2026-05-04,barramundi,Lates calcarifer,5,-19.28,146.78,Middle,15.587256960132589,24.134712904419608,25.657518953478966
mid_ross,2026-05-04,flathead,Platycephalus spp.,2,-19.28,146.78,Middle,15.587256960132589,24.134712904419608,25.657518953478966
mid_ross,2026-05-04,mangrove jack,NA,1,-19.28,146.78,Middle,15.587256960132589,24.134712904419608,25.657518953478966
upper_ross,2026-05-04,bream,Acanthopagrus spp.,2,-19.31,146.74,Upstream,4.653833368467849,23.91530170907627,25.805069199064746
upper_ross,2026-05-04,barramundi,Lates calcarifer,5,-19.31,146.74,Upstream,4.653833368467849,23.91530170907627,25.805069199064746
upper_ross,2026-05-04,mangrove jack,NA,3,-19.31,146.74,Upstream,4.653833368467849,23.91530170907627,25.805069199064746
lower_ross,2026-05-05,bream,Acanthopagrus spp.,1,-19.26,146.81,Downstream,27.642294803984715,23.895427491354866,26.73580277028684
lower_ross,2026-05-05,barramundi,Lates calcarifer,1,-19.26,146.81,Downstream,27.642294803984715,23.895427491354866,26.73580277028684
lower_ross,2026-05-05,flathead,Platycephalus spp.,2,-19.26,146.81,Downstream,27.642294803984715,23.895427491354866,26.73580277028684
lower_ross,2026-05-05,mangrove jack,NA,2,-19.26,146.81,Downstream,27.642294803984715,23.895427491354866,26.73580277028684
ross_mouth,2026-05-05,bream,Acanthopagrus spp.,1,-19.25,146.83,Marine,34.05924002860217,23.81659848778806,26.28476736148216
ross_mouth,2026-05-05,barramundi,Lates calcarifer,1,-19.25,146.83,Marine,34.05924002860217,23.81659848778806,26.28476736148216
ross_mouth,2026-05-05,flathead,Platycephalus spp.,7,-19.25,146.83,Marine,34.05924002860217,23.81659848778806,26.28476736148216
mid_ross,2026-05-05,bream,Acanthopagrus spp.,3,-19.28,146.78,Middle,15.006174764709199,23.839262951137307,24.424515340327183
mid_ross,2026-05-05,barramundi,Lates calcarifer,1,-19.28,146.78,Middle,15.006174764709199,23.839262951137307,24.424515340327183
mid_ross,2026-05-05,flathead,Platycephalus spp.,1,-19.28,146.78,Middle,15.006174764709199,23.839262951137307,24.424515340327183
mid_ross,2026-05-05,mangrove jack,NA,1,-19.28,146.78,Middle,15.006174764709199,23.839262951137307,24.424515340327183
upper_ross,2026-05-05,bream,Acanthopagrus spp.,2,-19.31,146.74,Upstream,4.890618781813075,24.159606273193866,25.32492275495191
upper_ross,2026-05-05,barramundi,Lates calcarifer,6,-19.31,146.74,Upstream,4.890618781813075,24.159606273193866,25.32492275495191
upper_ross,2026-05-05,mangrove jack,NA,2,-19.31,146.74,Upstream,4.890618781813075,24.159606273193866,25.32492275495191
lower_ross,2026-05-06,bream,Acanthopagrus spp.,2,-19.26,146.81,Downstream,28.17765868428939,23.993539994090387,24.027259299901072
lower_ross,2026-05-06,barramundi,Lates calcarifer,4,-19.26,146.81,Downstream,28.17765868428939,23.993539994090387,24.027259299901072
lower_ross,2026-05-06,flathead,Platycephalus spp.,3,-19.26,146.81,Downstream,28.17765868428939,23.993539994090387,24.027259299901072
lower_ross,2026-05-06,mangrove jack,NA,2,-19.26,146.81,Downstream,28.17765868428939,23.993539994090387,24.027259299901072
ross_mouth,2026-05-06,bream,Acanthopagrus spp.,1,-19.25,146.83,Marine,33.92384504870752,23.91571091948713,26.09291180780229
ross_mouth,2026-05-06,barramundi,Lates calcarifer,1,-19.25,146.83,Marine,33.92384504870752,23.91571091948713,26.09291180780229
ross_mouth,2026-05-06,flathead,Platycephalus spp.,6,-19.25,146.83,Marine,33.92384504870752,23.91571091948713,26.09291180780229
ross_mouth,2026-05-06,mangrove jack,NA,1,-19.25,146.83,Marine,33.92384504870752,23.91571091948713,26.09291180780229
mid_ross,2026-05-06,bream,Acanthopagrus spp.,2,-19.28,146.78,Middle,14.701228413431634,23.93323067671643,26.53830900741741
mid_ross,2026-05-06,barramundi,Lates calcarifer,4,-19.28,146.78,Middle,14.701228413431634,23.93323067671643,26.53830900741741
mid_ross,2026-05-06,flathead,Platycephalus spp.,2,-19.28,146.78,Middle,14.701228413431634,23.93323067671643,26.53830900741741
mid_ross,2026-05-06,mangrove jack,NA,2,-19.28,146.78,Middle,14.701228413431634,23.93323067671643,26.53830900741741
upper_ross,2026-05-06,bream,Acanthopagrus spp.,2,-19.31,146.74,Upstream,5.25531137278478,23.9716615259673,27.021656706605267
upper_ross,2026-05-06,barramundi,Lates calcarifer,7,-19.31,146.74,Upstream,5.25531137278478,23.9716615259673,27.021656706605267
upper_ross,2026-05-06,flathead,Platycephalus spp.,2,-19.31,146.74,Upstream,5.25531137278478,23.9716615259673,27.021656706605267
upper_ross,2026-05-06,mangrove jack,NA,3,-19.31,146.74,Upstream,5.25531137278478,23.9716615259673,27.021656706605267
lower_ross,2026-05-07,bream,Acanthopagrus spp.,2,-19.26,146.81,Downstream,27.563433573467663,23.990107879945302,25.125085883956082
lower_ross,2026-05-07,barramundi,Lates calcarifer,1,-19.26,146.81,Downstream,27.563433573467663,23.990107879945302,25.125085883956082
lower_ross,2026-05-07,flathead,Platycephalus spp.,1,-19.26,146.81,Downstream,27.563433573467663,23.990107879945302,25.125085883956082
lower_ross,2026-05-07,mangrove jack,NA,1,-19.26,146.81,Downstream,27.563433573467663,23.990107879945302,25.125085883956082
ross_mouth,2026-05-07,bream,Acanthopagrus spp.,3,-19.25,146.83,Marine,33.834715300969926,23.998850574572,23.056164268225146
ross_mouth,2026-05-07,barramundi,Lates calcarifer,1,-19.25,146.83,Marine,33.834715300969926,23.998850574572,23.056164268225146
ross_mouth,2026-05-07,flathead,Platycephalus spp.,6,-19.25,146.83,Marine,33.834715300969926,23.998850574572,23.056164268225146
ross_mouth,2026-05-07,mangrove jack,NA,2,-19.25,146.83,Marine,33.834715300969926,23.998850574572,23.056164268225146
mid_ross,2026-05-07,bream,Acanthopagrus spp.,4,-19.28,146.78,Middle,14.760380015690885,24.213599954699568,26.22413441721493
mid_ross,2026-05-07,barramundi,Lates calcarifer,1,-19.28,146.78,Middle,14.760380015690885,24.213599954699568,26.22413441721493
mid_ross,2026-05-07,flathead,Platycephalus spp.,4,-19.28,146.78,Middle,14.760380015690885,24.213599954699568,26.22413441721493
mid_ross,2026-05-07,mangrove jack,NA,2,-19.28,146.78,Middle,14.760380015690885,24.213599954699568,26.22413441721493
upper_ross,2026-05-07,bream,Acanthopagrus spp.,5,-19.31,146.74,Upstream,4.835295831016224,23.690835141798875,25.12350641343639
upper_ross,2026-05-07,barramundi,Lates calcarifer,4,-19.31,146.74,Upstream,4.835295831016224,23.690835141798875,25.12350641343639
upper_ross,2026-05-07,flathead,Platycephalus spp.,5,-19.31,146.74,Upstream,4.835295831016224,23.690835141798875,25.12350641343639
upper_ross,2026-05-07,mangrove jack,NA,1,-19.31,146.74,Upstream,4.835295831016224,23.690835141798875,25.12350641343639
lower_ross,2026-05-08,bream,Acanthopagrus spp.,3,-19.26,146.81,Downstream,27.981765193742316,24.025633778695813,25.898487065561557
lower_ross,2026-05-08,barramundi,Lates calcarifer,2,-19.26,146.81,Downstream,27.981765193742316,24.025633778695813,25.898487065561557
lower_ross,2026-05-08,flathead,Platycephalus spp.,2,-19.26,146.81,Downstream,27.981765193742316,24.025633778695813,25.898487065561557
ross_mouth,2026-05-08,bream,Acanthopagrus spp.,1,-19.25,146.83,Marine,34.018682953654285,24.257349407129567,26.57088280653166
ross_mouth,2026-05-08,barramundi,Lates calcarifer,1,-19.25,146.83,Marine,34.018682953654285,24.257349407129567,26.57088280653166
ross_mouth,2026-05-08,flathead,Platycephalus spp.,5,-19.25,146.83,Marine,34.018682953654285,24.257349407129567,26.57088280653166
ross_mouth,2026-05-08,mangrove jack,NA,2,-19.25,146.83,Marine,34.018682953654285,24.257349407129567,26.57088280653166
mid_ross,2026-05-08,bream,Acanthopagrus spp.,1,-19.28,146.78,Middle,14.230540422895057,23.932199493309643,24.74529023666142
mid_ross,2026-05-08,barramundi,Lates calcarifer,2,-19.28,146.78,Middle,14.230540422895057,23.932199493309643,24.74529023666142
mid_ross,2026-05-08,flathead,Platycephalus spp.,3,-19.28,146.78,Middle,14.230540422895057,23.932199493309643,24.74529023666142
mid_ross,2026-05-08,mangrove jack,NA,4,-19.28,146.78,Middle,14.230540422895057,23.932199493309643,24.74529023666142
upper_ross,2026-05-08,bream,Acanthopagrus spp.,2,-19.31,146.74,Upstream,5.003954053091254,23.831453586381983,23.90736000221064
upper_ross,2026-05-08,barramundi,Lates calcarifer,4,-19.31,146.74,Upstream,5.003954053091254,23.831453586381983,23.90736000221064
upper_ross,2026-05-08,flathead,Platycephalus spp.,1,-19.31,146.74,Upstream,5.003954053091254,23.831453586381983,23.90736000221064
upper_ross,2026-05-08,mangrove jack,NA,1,-19.31,146.74,Upstream,5.003954053091254,23.831453586381983,23.90736000221064
lower_ross,2026-05-09,barramundi,Lates calcarifer,3,-19.26,146.81,Downstream,27.834216270447538,24.01827487939419,24.584761925933368
lower_ross,2026-05-09,flathead,Platycephalus spp.,1,-19.26,146.81,Downstream,27.834216270447538,24.01827487939419,24.584761925933368
lower_ross,2026-05-09,mangrove jack,NA,1,-19.26,146.81,Downstream,27.834216270447538,24.01827487939419,24.584761925933368
ross_mouth,2026-05-09,bream,Acanthopagrus spp.,4,-19.25,146.83,Marine,33.93157329535426,23.713550591216833,28.189730452608984
ross_mouth,2026-05-09,barramundi,Lates calcarifer,1,-19.25,146.83,Marine,33.93157329535426,23.713550591216833,28.189730452608984
ross_mouth,2026-05-09,flathead,Platycephalus spp.,6,-19.25,146.83,Marine,33.93157329535426,23.713550591216833,28.189730452608984
ross_mouth,2026-05-09,mangrove jack,NA,2,-19.25,146.83,Marine,33.93157329535426,23.713550591216833,28.189730452608984
mid_ross,2026-05-09,bream,Acanthopagrus spp.,4,-19.28,146.78,Middle,15.047721432418484,24.004035696870314,24.35548748348325
mid_ross,2026-05-09,barramundi,Lates calcarifer,1,-19.28,146.78,Middle,15.047721432418484,24.004035696870314,24.35548748348325
mid_ross,2026-05-09,mangrove jack,NA,2,-19.28,146.78,Middle,15.047721432418484,24.004035696870314,24.35548748348325
upper_ross,2026-05-09,bream,Acanthopagrus spp.,1,-19.31,146.74,Upstream,4.756500426585427,24.061422083671015,24.46225571722413
upper_ross,2026-05-09,barramundi,Lates calcarifer,3,-19.31,146.74,Upstream,4.756500426585427,24.061422083671015,24.46225571722413
upper_ross,2026-05-09,flathead,Platycephalus spp.,2,-19.31,146.74,Upstream,4.756500426585427,24.061422083671015,24.46225571722413
upper_ross,2026-05-09,mangrove jack,NA,2,-19.31,146.74,Upstream,4.756500426585427,24.061422083671015,24.46225571722413
lower_ross,2026-05-10,bream,Acanthopagrus spp.,5,-19.26,146.81,Downstream,28.128189624555063,23.92005585108578,26.157868028682117
lower_ross,2026-05-10,flathead,Platycephalus spp.,3,-19.26,146.81,Downstream,28.128189624555063,23.92005585108578,26.157868028682117
lower_ross,2026-05-10,mangrove jack,NA,5,-19.26,146.81,Downstream,28.128189624555063,23.92005585108578,26.157868028682117
ross_mouth,2026-05-10,bream,Acanthopagrus spp.,1,-19.25,146.83,Marine,34.07272628849433,23.644591909110783,24.702782539847806
ross_mouth,2026-05-10,barramundi,Lates calcarifer,4,-19.25,146.83,Marine,34.07272628849433,23.644591909110783,24.702782539847806
ross_mouth,2026-05-10,flathead,Platycephalus spp.,5,-19.25,146.83,Marine,34.07272628849433,23.644591909110783,24.702782539847806
ross_mouth,2026-05-10,mangrove jack,NA,1,-19.25,146.83,Marine,34.07272628849433,23.644591909110783,24.702782539847806
mid_ross,2026-05-10,bream,Acanthopagrus spp.,2,-19.28,146.78,Middle,14.966334578966283,23.959741668018836,24.339531364754528
mid_ross,2026-05-10,barramundi,Lates calcarifer,2,-19.28,146.78,Middle,14.966334578966283,23.959741668018836,24.339531364754528
mid_ross,2026-05-10,flathead,Platycephalus spp.,4,-19.28,146.78,Middle,14.966334578966283,23.959741668018836,24.339531364754528
mid_ross,2026-05-10,mangrove jack,NA,2,-19.28,146.78,Middle,14.966334578966283,23.959741668018836,24.339531364754528
upper_ross,2026-05-10,bream,Acanthopagrus spp.,4,-19.31,146.74,Upstream,5.07572360752576,24.142182751697586,25.170041726300234
upper_ross,2026-05-10,barramundi,Lates calcarifer,3,-19.31,146.74,Upstream,5.07572360752576,24.142182751697586,25.170041726300234
upper_ross,2026-05-10,flathead,Platycephalus spp.,1,-19.31,146.74,Upstream,5.07572360752576,24.142182751697586,25.170041726300234
upper_ross,2026-05-10,mangrove jack,NA,3,-19.31,146.74,Upstream,5.07572360752576,24.142182751697586,25.170041726300234
lower_ross,2026-05-11,barramundi,Lates calcarifer,2,-19.26,146.81,Downstream,27.7744366360446,23.842215702142,25.235996654090147
lower_ross,2026-05-11,flathead,Platycephalus spp.,3,-19.26,146.81,Downstream,27.7744366360446,23.842215702142,25.235996654090147
lower_ross,2026-05-11,mangrove jack,NA,4,-19.26,146.81,Downstream,27.7744366360446,23.842215702142,25.235996654090147
ross_mouth,2026-05-11,bream,Acanthopagrus spp.,2,-19.25,146.83,Marine,34.249676826420135,24.28245659292535,26.632791267147148
ross_mouth,2026-05-11,barramundi,Lates calcarifer,1,-19.25,146.83,Marine,34.249676826420135,24.28245659292535,26.632791267147148
ross_mouth,2026-05-11,flathead,Platycephalus spp.,4,-19.25,146.83,Marine,34.249676826420135,24.28245659292535,26.632791267147148
ross_mouth,2026-05-11,mangrove jack,NA,2,-19.25,146.83,Marine,34.249676826420135,24.28245659292535,26.632791267147148
mid_ross,2026-05-11,bream,Acanthopagrus spp.,4,-19.28,146.78,Middle,15.415319821214739,24.06565533077728,24.506421972754307
mid_ross,2026-05-11,barramundi,Lates calcarifer,2,-19.28,146.78,Middle,15.415319821214739,24.06565533077728,24.506421972754307
mid_ross,2026-05-11,flathead,Platycephalus spp.,1,-19.28,146.78,Middle,15.415319821214739,24.06565533077728,24.506421972754307
upper_ross,2026-05-11,bream,Acanthopagrus spp.,5,-19.31,146.74,Upstream,5.020440944975068,23.93763570447984,24.18273546567956
upper_ross,2026-05-11,barramundi,Lates calcarifer,6,-19.31,146.74,Upstream,5.020440944975068,23.93763570447984,24.18273546567956
upper_ross,2026-05-11,flathead,Platycephalus spp.,2,-19.31,146.74,Upstream,5.020440944975068,23.93763570447984,24.18273546567956
upper_ross,2026-05-11,mangrove jack,NA,4,-19.31,146.74,Upstream,5.020440944975068,23.93763570447984,24.18273546567956
lower_ross,2026-05-12,bream,Acanthopagrus spp.,3,-19.26,146.81,Downstream,28.524079593461323,23.95661793126447,27.328895313660098
lower_ross,2026-05-12,barramundi,Lates calcarifer,1,-19.26,146.81,Downstream,28.524079593461323,23.95661793126447,27.328895313660098
lower_ross,2026-05-12,flathead,Platycephalus spp.,2,-19.26,146.81,Downstream,28.524079593461323,23.95661793126447,27.328895313660098
lower_ross,2026-05-12,mangrove jack,NA,2,-19.26,146.81,Downstream,28.524079593461323,23.95661793126447,27.328895313660098
ross_mouth,2026-05-12,bream,Acanthopagrus spp.,2,-19.25,146.83,Marine,34.049731987629265,23.893202918170076,25.475572023829244
ross_mouth,2026-05-12,flathead,Platycephalus spp.,6,-19.25,146.83,Marine,34.049731987629265,23.893202918170076,25.475572023829244
mid_ross,2026-05-12,bream,Acanthopagrus spp.,2,-19.28,146.78,Middle,15.035548044925136,24.02426727043186,25.77647711717904
mid_ross,2026-05-12,flathead,Platycephalus spp.,2,-19.28,146.78,Middle,15.035548044925136,24.02426727043186,25.77647711717904
mid_ross,2026-05-12,mangrove jack,NA,3,-19.28,146.78,Middle,15.035548044925136,24.02426727043186,25.77647711717904
upper_ross,2026-05-12,bream,Acanthopagrus spp.,1,-19.31,146.74,Upstream,4.896689439238327,24.193720661769138,25.216948457277738
upper_ross,2026-05-12,barramundi,Lates calcarifer,7,-19.31,146.74,Upstream,4.896689439238327,24.193720661769138,25.216948457277738
upper_ross,2026-05-12,flathead,Platycephalus spp.,3,-19.31,146.74,Upstream,4.896689439238327,24.193720661769138,25.216948457277738
upper_ross,2026-05-12,mangrove jack,NA,3,-19.31,146.74,Upstream,4.896689439238327,24.193720661769138,25.216948457277738
lower_ross,2026-05-13,bream,Acanthopagrus spp.,1,-19.26,146.81,Downstream,27.68330305903476,24.06877188616034,26.054892646695446
lower_ross,2026-05-13,barramundi,Lates calcarifer,1,-19.26,146.81,Downstream,27.68330305903476,24.06877188616034,26.054892646695446
lower_ross,2026-05-13,flathead,Platycephalus spp.,3,-19.26,146.81,Downstream,27.68330305903476,24.06877188616034,26.054892646695446
lower_ross,2026-05-13,mangrove jack,NA,2,-19.26,146.81,Downstream,27.68330305903476,24.06877188616034,26.054892646695446
ross_mouth,2026-05-13,bream,Acanthopagrus spp.,3,-19.25,146.83,Marine,34.07694180407664,23.997676589266387,25.63080581413302
ross_mouth,2026-05-13,barramundi,Lates calcarifer,1,-19.25,146.83,Marine,34.07694180407664,23.997676589266387,25.63080581413302
ross_mouth,2026-05-13,flathead,Platycephalus spp.,4,-19.25,146.83,Marine,34.07694180407664,23.997676589266387,25.63080581413302
ross_mouth,2026-05-13,mangrove jack,NA,3,-19.25,146.83,Marine,34.07694180407664,23.997676589266387,25.63080581413302
mid_ross,2026-05-13,bream,Acanthopagrus spp.,1,-19.28,146.78,Middle,15.208018708475986,24.165981227972555,26.073642724011073
mid_ross,2026-05-13,barramundi,Lates calcarifer,1,-19.28,146.78,Middle,15.208018708475986,24.165981227972555,26.073642724011073
mid_ross,2026-05-13,flathead,Platycephalus spp.,4,-19.28,146.78,Middle,15.208018708475986,24.165981227972555,26.073642724011073
mid_ross,2026-05-13,mangrove jack,NA,3,-19.28,146.78,Middle,15.208018708475986,24.165981227972555,26.073642724011073
upper_ross,2026-05-13,bream,Acanthopagrus spp.,5,-19.31,146.74,Upstream,5.14422120147387,23.945044949410274,24.4043025401922
upper_ross,2026-05-13,barramundi,Lates calcarifer,4,-19.31,146.74,Upstream,5.14422120147387,23.945044949410274,24.4043025401922
upper_ross,2026-05-13,flathead,Platycephalus spp.,6,-19.31,146.74,Upstream,5.14422120147387,23.945044949410274,24.4043025401922
upper_ross,2026-05-13,mangrove jack,NA,3,-19.31,146.74,Upstream,5.14422120147387,23.945044949410274,24.4043025401922
lower_ross,2026-05-14,bream,Acanthopagrus spp.,4,-19.26,146.81,Downstream,27.876970194980228,24.09286838638203,21.856779612918753
lower_ross,2026-05-14,barramundi,Lates calcarifer,4,-19.26,146.81,Downstream,27.876970194980228,24.09286838638203,21.856779612918753
lower_ross,2026-05-14,flathead,Platycephalus spp.,4,-19.26,146.81,Downstream,27.876970194980228,24.09286838638203,21.856779612918753
lower_ross,2026-05-14,mangrove jack,NA,2,-19.26,146.81,Downstream,27.876970194980228,24.09286838638203,21.856779612918753
ross_mouth,2026-05-14,bream,Acanthopagrus spp.,3,-19.25,146.83,Marine,33.977167962096026,23.65359366656295,25.43891338268495
ross_mouth,2026-05-14,barramundi,Lates calcarifer,1,-19.25,146.83,Marine,33.977167962096026,23.65359366656295,25.43891338268495
ross_mouth,2026-05-14,flathead,Platycephalus spp.,6,-19.25,146.83,Marine,33.977167962096026,23.65359366656295,25.43891338268495
ross_mouth,2026-05-14,mangrove jack,NA,3,-19.25,146.83,Marine,33.977167962096026,23.65359366656295,25.43891338268495
mid_ross,2026-05-14,bream,Acanthopagrus spp.,5,-19.28,146.78,Middle,15.105711772338054,23.820059450784242,26.302726809633896
mid_ross,2026-05-14,barramundi,Lates calcarifer,4,-19.28,146.78,Middle,15.105711772338054,23.820059450784242,26.302726809633896
mid_ross,2026-05-14,flathead,Platycephalus spp.,2,-19.28,146.78,Middle,15.105711772338054,23.820059450784242,26.302726809633896
mid_ross,2026-05-14,mangrove jack,NA,2,-19.28,146.78,Middle,15.105711772338054,23.820059450784242,26.302726809633896
upper_ross,2026-05-14,bream,Acanthopagrus spp.,3,-19.31,146.74,Upstream,4.668612532496418,24.1503699794915,26.066660079782686
upper_ross,2026-05-14,barramundi,Lates calcarifer,5,-19.31,146.74,Upstream,4.668612532496418,24.1503699794915,26.066660079782686
upper_ross,2026-05-14,flathead,Platycephalus spp.,4,-19.31,146.74,Upstream,4.668612532496418,24.1503699794915,26.066660079782686
upper_ross,2026-05-14,mangrove jack,NA,2,-19.31,146.74,Upstream,4.668612532496418,24.1503699794915,26.066660079782686
lower_ross,2026-05-15,bream,Acanthopagrus spp.,1,-19.26,146.81,Downstream,27.86715586110185,23.922994225092886,23.27115813167603
lower_ross,2026-05-15,barramundi,Lates calcarifer,1,-19.26,146.81,Downstream,27.86715586110185,23.922994225092886,23.27115813167603
lower_ross,2026-05-15,flathead,Platycephalus spp.,3,-19.26,146.81,Downstream,27.86715586110185,23.922994225092886,23.27115813167603
lower_ross,2026-05-15,mangrove jack,NA,3,-19.26,146.81,Downstream,27.86715586110185,23.922994225092886,23.27115813167603
ross_mouth,2026-05-15,bream,Acanthopagrus spp.,1,-19.25,146.83,Marine,34.13671563782858,23.94972493763403,25.05196760447921
ross_mouth,2026-05-15,barramundi,Lates calcarifer,4,-19.25,146.83,Marine,34.13671563782858,23.94972493763403,25.05196760447921
ross_mouth,2026-05-15,flathead,Platycephalus spp.,6,-19.25,146.83,Marine,34.13671563782858,23.94972493763403,25.05196760447921
mid_ross,2026-05-15,bream,Acanthopagrus spp.,1,-19.28,146.78,Middle,14.264804195394598,23.838979187999797,25.746137070093447
mid_ross,2026-05-15,barramundi,Lates calcarifer,4,-19.28,146.78,Middle,14.264804195394598,23.838979187999797,25.746137070093447
mid_ross,2026-05-15,flathead,Platycephalus spp.,4,-19.28,146.78,Middle,14.264804195394598,23.838979187999797,25.746137070093447
mid_ross,2026-05-15,mangrove jack,NA,4,-19.28,146.78,Middle,14.264804195394598,23.838979187999797,25.746137070093447
upper_ross,2026-05-15,bream,Acanthopagrus spp.,6,-19.31,146.74,Upstream,4.9716161390514895,24.146633207587485,27.7161859672962
upper_ross,2026-05-15,barramundi,Lates calcarifer,4,-19.31,146.74,Upstream,4.9716161390514895,24.146633207587485,27.7161859672962
upper_ross,2026-05-15,flathead,Platycephalus spp.,3,-19.31,146.74,Upstream,4.9716161390514895,24.146633207587485,27.7161859672962
upper_ross,2026-05-15,mangrove jack,NA,3,-19.31,146.74,Upstream,4.9716161390514895,24.146633207587485,27.7161859672962
lower_ross,2026-05-16,bream,Acanthopagrus spp.,1,-19.26,146.81,Downstream,28.435777809448908,23.994487919540045,24.75008843069562
ross_mouth,2026-05-16,bream,Acanthopagrus spp.,1,-19.25,146.83,Marine,34.173973296061185,24.088865904974938,25.091560577579894
ross_mouth,2026-05-16,barramundi,Lates calcarifer,1,-19.25,146.83,Marine,34.173973296061185,24.088865904974938,25.091560577579894
ross_mouth,2026-05-16,flathead,Platycephalus spp.,4,-19.25,146.83,Marine,34.173973296061185,24.088865904974938,25.091560577579894
ross_mouth,2026-05-16,mangrove jack,NA,1,-19.25,146.83,Marine,34.173973296061185,24.088865904974938,25.091560577579894
mid_ross,2026-05-16,bream,Acanthopagrus spp.,1,-19.28,146.78,Middle,14.95164993105056,24.259440770025357,27.03294747689253
mid_ross,2026-05-16,barramundi,Lates calcarifer,2,-19.28,146.78,Middle,14.95164993105056,24.259440770025357,27.03294747689253
mid_ross,2026-05-16,flathead,Platycephalus spp.,1,-19.28,146.78,Middle,14.95164993105056,24.259440770025357,27.03294747689253
mid_ross,2026-05-16,mangrove jack,NA,3,-19.28,146.78,Middle,14.95164993105056,24.259440770025357,27.03294747689253
upper_ross,2026-05-16,bream,Acanthopagrus spp.,2,-19.31,146.74,Upstream,4.7336331608748266,23.808030469665727,29.895430914486848
upper_ross,2026-05-16,barramundi,Lates calcarifer,3,-19.31,146.74,Upstream,4.7336331608748266,23.808030469665727,29.895430914486848
upper_ross,2026-05-16,flathead,Platycephalus spp.,1,-19.31,146.74,Upstream,4.7336331608748266,23.808030469665727,29.895430914486848
upper_ross,2026-05-16,mangrove jack,NA,1,-19.31,146.74,Upstream,4.7336331608748266,23.808030469665727,29.895430914486848
lower_ross,2026-05-17,bream,Acanthopagrus spp.,2,-19.26,146.81,Downstream,27.673530206395103,23.925658299268143,26.98904765500629
lower_ross,2026-05-17,barramundi,Lates calcarifer,2,-19.26,146.81,Downstream,27.673530206395103,23.925658299268143,26.98904765500629
lower_ross,2026-05-17,flathead,Platycephalus spp.,2,-19.26,146.81,Downstream,27.673530206395103,23.925658299268143,26.98904765500629
lower_ross,2026-05-17,mangrove jack,NA,4,-19.26,146.81,Downstream,27.673530206395103,23.925658299268143,26.98904765500629
ross_mouth,2026-05-17,bream,Acanthopagrus spp.,4,-19.25,146.83,Marine,33.852896924468496,24.057291926820756,25.61927849964446
ross_mouth,2026-05-17,barramundi,Lates calcarifer,1,-19.25,146.83,Marine,33.852896924468496,24.057291926820756,25.61927849964446
ross_mouth,2026-05-17,flathead,Platycephalus spp.,5,-19.25,146.83,Marine,33.852896924468496,24.057291926820756,25.61927849964446
mid_ross,2026-05-17,bream,Acanthopagrus spp.,2,-19.28,146.78,Middle,14.590073120710645,24.171332886794428,25.153800552498307
mid_ross,2026-05-17,barramundi,Lates calcarifer,3,-19.28,146.78,Middle,14.590073120710645,24.171332886794428,25.153800552498307
mid_ross,2026-05-17,flathead,Platycephalus spp.,4,-19.28,146.78,Middle,14.590073120710645,24.171332886794428,25.153800552498307
mid_ross,2026-05-17,mangrove jack,NA,2,-19.28,146.78,Middle,14.590073120710645,24.171332886794428,25.153800552498307
upper_ross,2026-05-17,bream,Acanthopagrus spp.,5,-19.31,146.74,Upstream,5.095510438901491,24.190622238548897,25.839381777104396
upper_ross,2026-05-17,barramundi,Lates calcarifer,10,-19.31,146.74,Upstream,5.095510438901491,24.190622238548897,25.839381777104396
upper_ross,2026-05-17,flathead,Platycephalus spp.,2,-19.31,146.74,Upstream,5.095510438901491,24.190622238548897,25.839381777104396
upper_ross,2026-05-17,mangrove jack,NA,2,-19.31,146.74,Upstream,5.095510438901491,24.190622238548897,25.839381777104396
lower_ross,2026-05-18,bream,Acanthopagrus spp.,4,-19.26,146.81,Downstream,27.65589966852805,24.32838282661718,24.79695152479314
lower_ross,2026-05-18,barramundi,Lates calcarifer,1,-19.26,146.81,Downstream,27.65589966852805,24.32838282661718,24.79695152479314
lower_ross,2026-05-18,flathead,Platycephalus spp.,3,-19.26,146.81,Downstream,27.65589966852805,24.32838282661718,24.79695152479314
lower_ross,2026-05-18,mangrove jack,NA,2,-19.26,146.81,Downstream,27.65589966852805,24.32838282661718,24.79695152479314
ross_mouth,2026-05-18,barramundi,Lates calcarifer,2,-19.25,146.83,Marine,34.023857235797934,24.023246762252896,25.82576759075195
ross_mouth,2026-05-18,flathead,Platycephalus spp.,4,-19.25,146.83,Marine,34.023857235797934,24.023246762252896,25.82576759075195
ross_mouth,2026-05-18,mangrove jack,NA,2,-19.25,146.83,Marine,34.023857235797934,24.023246762252896,25.82576759075195
mid_ross,2026-05-18,bream,Acanthopagrus spp.,1,-19.28,146.78,Middle,15.106644310104112,23.989106080063593,24.1602382950433
mid_ross,2026-05-18,barramundi,Lates calcarifer,1,-19.28,146.78,Middle,15.106644310104112,23.989106080063593,24.1602382950433
mid_ross,2026-05-18,flathead,Platycephalus spp.,4,-19.28,146.78,Middle,15.106644310104112,23.989106080063593,24.1602382950433
mid_ross,2026-05-18,mangrove jack,NA,3,-19.28,146.78,Middle,15.106644310104112,23.989106080063593,24.1602382950433
upper_ross,2026-05-18,bream,Acanthopagrus spp.,1,-19.31,146.74,Upstream,5.378560282469816,23.933709939087862,29.59699247230964
upper_ross,2026-05-18,barramundi,Lates calcarifer,3,-19.31,146.74,Upstream,5.378560282469816,23.933709939087862,29.59699247230964
upper_ross,2026-05-18,flathead,Platycephalus spp.,1,-19.31,146.74,Upstream,5.378560282469816,23.933709939087862,29.59699247230964
upper_ross,2026-05-18,mangrove jack,NA,2,-19.31,146.74,Upstream,5.378560282469816,23.933709939087862,29.59699247230964
lower_ross,2026-05-19,bream,Acanthopagrus spp.,4,-19.26,146.81,Downstream,28.222700375011254,23.94674887580552,25.37337568002896
lower_ross,2026-05-19,barramundi,Lates calcarifer,1,-19.26,146.81,Downstream,28.222700375011254,23.94674887580552,25.37337568002896
lower_ross,2026-05-19,flathead,Platycephalus spp.,1,-19.26,146.81,Downstream,28.222700375011254,23.94674887580552,25.37337568002896
lower_ross,2026-05-19,mangrove jack,NA,2,-19.26,146.81,Downstream,28.222700375011254,23.94674887580552,25.37337568002896
ross_mouth,2026-05-19,bream,Acanthopagrus spp.,7,-19.25,146.83,Marine,34.03307206234111,23.832666323513525,26.33513115195217
ross_mouth,2026-05-19,flathead,Platycephalus spp.,6,-19.25,146.83,Marine,34.03307206234111,23.832666323513525,26.33513115195217
ross_mouth,2026-05-19,mangrove jack,NA,1,-19.25,146.83,Marine,34.03307206234111,23.832666323513525,26.33513115195217
mid_ross,2026-05-19,barramundi,Lates calcarifer,3,-19.28,146.78,Middle,14.265796804794437,24.187580068386577,28.406059245543123
mid_ross,2026-05-19,flathead,Platycephalus spp.,1,-19.28,146.78,Middle,14.265796804794437,24.187580068386577,28.406059245543123
mid_ross,2026-05-19,mangrove jack,NA,3,-19.28,146.78,Middle,14.265796804794437,24.187580068386577,28.406059245543123
upper_ross,2026-05-19,bream,Acanthopagrus spp.,2,-19.31,146.74,Upstream,5.165178931520893,24.094463644638978,24.440482733925524
upper_ross,2026-05-19,barramundi,Lates calcarifer,3,-19.31,146.74,Upstream,5.165178931520893,24.094463644638978,24.440482733925524
upper_ross,2026-05-19,flathead,Platycephalus spp.,1,-19.31,146.74,Upstream,5.165178931520893,24.094463644638978,24.440482733925524
upper_ross,2026-05-19,mangrove jack,NA,1,-19.31,146.74,Upstream,5.165178931520893,24.094463644638978,24.440482733925524
lower_ross,2026-05-20,bream,Acanthopagrus spp.,3,-19.26,146.81,Downstream,27.884357964574143,23.908173725713574,27.478345658361082
lower_ross,2026-05-20,barramundi,Lates calcarifer,2,-19.26,146.81,Downstream,27.884357964574143,23.908173725713574,27.478345658361082
lower_ross,2026-05-20,flathead,Platycephalus spp.,2,-19.26,146.81,Downstream,27.884357964574143,23.908173725713574,27.478345658361082
lower_ross,2026-05-20,mangrove jack,NA,1,-19.26,146.81,Downstream,27.884357964574143,23.908173725713574,27.478345658361082
ross_mouth,2026-05-20,barramundi,Lates calcarifer,1,-19.25,146.83,Marine,34.12611270440528,23.996775048086345,24.417995310012394
ross_mouth,2026-05-20,flathead,Platycephalus spp.,7,-19.25,146.83,Marine,34.12611270440528,23.996775048086345,24.417995310012394
ross_mouth,2026-05-20,mangrove jack,NA,2,-19.25,146.83,Marine,34.12611270440528,23.996775048086345,24.417995310012394
mid_ross,2026-05-20,bream,Acanthopagrus spp.,1,-19.28,146.78,Middle,15.237257152410258,23.873749487811704,25.56452899660304
mid_ross,2026-05-20,barramundi,Lates calcarifer,3,-19.28,146.78,Middle,15.237257152410258,23.873749487811704,25.56452899660304
mid_ross,2026-05-20,flathead,Platycephalus spp.,3,-19.28,146.78,Middle,15.237257152410258,23.873749487811704,25.56452899660304
mid_ross,2026-05-20,mangrove jack,NA,3,-19.28,146.78,Middle,15.237257152410258,23.873749487811704,25.56452899660304
upper_ross,2026-05-20,bream,Acanthopagrus spp.,1,-19.31,146.74,Upstream,5.254556771576147,24.085067832724526,26.198325690475382
upper_ross,2026-05-20,barramundi,Lates calcarifer,4,-19.31,146.74,Upstream,5.254556771576147,24.085067832724526,26.198325690475382
upper_ross,2026-05-20,flathead,Platycephalus spp.,3,-19.31,146.74,Upstream,5.254556771576147,24.085067832724526,26.198325690475382
upper_ross,2026-05-20,mangrove jack,NA,2,-19.31,146.74,Upstream,5.254556771576147,24.085067832724526,26.198325690475382
lower_ross,2026-05-21,bream,Acanthopagrus spp.,1,-19.26,146.81,Downstream,28.160288063655834,23.776508238376735,25.001400591800515
lower_ross,2026-05-21,flathead,Platycephalus spp.,1,-19.26,146.81,Downstream,28.160288063655834,23.776508238376735,25.001400591800515
lower_ross,2026-05-21,mangrove jack,NA,1,-19.26,146.81,Downstream,28.160288063655834,23.776508238376735,25.001400591800515
ross_mouth,2026-05-21,bream,Acanthopagrus spp.,2,-19.25,146.83,Marine,33.93125356985301,23.85303494400937,25.265623717912998
ross_mouth,2026-05-21,barramundi,Lates calcarifer,1,-19.25,146.83,Marine,33.93125356985301,23.85303494400937,25.265623717912998
ross_mouth,2026-05-21,flathead,Platycephalus spp.,6,-19.25,146.83,Marine,33.93125356985301,23.85303494400937,25.265623717912998
ross_mouth,2026-05-21,mangrove jack,NA,2,-19.25,146.83,Marine,33.93125356985301,23.85303494400937,25.265623717912998
mid_ross,2026-05-21,barramundi,Lates calcarifer,1,-19.28,146.78,Middle,14.646427629419426,23.96132482314796,25.754695822968763
mid_ross,2026-05-21,flathead,Platycephalus spp.,4,-19.28,146.78,Middle,14.646427629419426,23.96132482314796,25.754695822968763
upper_ross,2026-05-21,bream,Acanthopagrus spp.,5,-19.31,146.74,Upstream,4.914217575471403,24.155537457699552,28.23824940078323
upper_ross,2026-05-21,barramundi,Lates calcarifer,4,-19.31,146.74,Upstream,4.914217575471403,24.155537457699552,28.23824940078323
upper_ross,2026-05-21,flathead,Platycephalus spp.,3,-19.31,146.74,Upstream,4.914217575471403,24.155537457699552,28.23824940078323
upper_ross,2026-05-21,mangrove jack,NA,2,-19.31,146.74,Upstream,4.914217575471403,24.155537457699552,28.23824940078323
lower_ross,2026-05-22,bream,Acanthopagrus spp.,3,-19.26,146.81,Downstream,27.929489075464662,24.068289634768327,26.493709499801533
lower_ross,2026-05-22,barramundi,Lates calcarifer,1,-19.26,146.81,Downstream,27.929489075464662,24.068289634768327,26.493709499801533
lower_ross,2026-05-22,flathead,Platycephalus spp.,2,-19.26,146.81,Downstream,27.929489075464662,24.068289634768327,26.493709499801533
lower_ross,2026-05-22,mangrove jack,NA,1,-19.26,146.81,Downstream,27.929489075464662,24.068289634768327,26.493709499801533
ross_mouth,2026-05-22,bream,Acanthopagrus spp.,3,-19.25,146.83,Marine,34.05044189601314,23.826895077598934,25.353260327682264
ross_mouth,2026-05-22,barramundi,Lates calcarifer,4,-19.25,146.83,Marine,34.05044189601314,23.826895077598934,25.353260327682264
ross_mouth,2026-05-22,flathead,Platycephalus spp.,4,-19.25,146.83,Marine,34.05044189601314,23.826895077598934,25.353260327682264
ross_mouth,2026-05-22,mangrove jack,NA,1,-19.25,146.83,Marine,34.05044189601314,23.826895077598934,25.353260327682264
mid_ross,2026-05-22,bream,Acanthopagrus spp.,1,-19.28,146.78,Middle,14.748287285851493,23.9340908529739,22.717474882186462
mid_ross,2026-05-22,barramundi,Lates calcarifer,2,-19.28,146.78,Middle,14.748287285851493,23.9340908529739,22.717474882186462
mid_ross,2026-05-22,flathead,Platycephalus spp.,2,-19.28,146.78,Middle,14.748287285851493,23.9340908529739,22.717474882186462
upper_ross,2026-05-22,bream,Acanthopagrus spp.,4,-19.31,146.74,Upstream,4.685313921555547,24.113932390268044,23.176903649607834
upper_ross,2026-05-22,barramundi,Lates calcarifer,5,-19.31,146.74,Upstream,4.685313921555547,24.113932390268044,23.176903649607834
upper_ross,2026-05-22,flathead,Platycephalus spp.,3,-19.31,146.74,Upstream,4.685313921555547,24.113932390268044,23.176903649607834
lower_ross,2026-05-23,bream,Acanthopagrus spp.,1,-19.26,146.81,Downstream,28.035283017065318,23.83016792530409,25.37666098152935
lower_ross,2026-05-23,barramundi,Lates calcarifer,2,-19.26,146.81,Downstream,28.035283017065318,23.83016792530409,25.37666098152935
lower_ross,2026-05-23,flathead,Platycephalus spp.,1,-19.26,146.81,Downstream,28.035283017065318,23.83016792530409,25.37666098152935
lower_ross,2026-05-23,mangrove jack,NA,3,-19.26,146.81,Downstream,28.035283017065318,23.83016792530409,25.37666098152935
ross_mouth,2026-05-23,bream,Acanthopagrus spp.,1,-19.25,146.83,Marine,33.980984537453,24.25524039999102,25.929285967579254
ross_mouth,2026-05-23,barramundi,Lates calcarifer,1,-19.25,146.83,Marine,33.980984537453,24.25524039999102,25.929285967579254
ross_mouth,2026-05-23,flathead,Platycephalus spp.,5,-19.25,146.83,Marine,33.980984537453,24.25524039999102,25.929285967579254
ross_mouth,2026-05-23,mangrove jack,NA,2,-19.25,146.83,Marine,33.980984537453,24.25524039999102,25.929285967579254
mid_ross,2026-05-23,bream,Acanthopagrus spp.,3,-19.28,146.78,Middle,15.386230058410844,23.906584055242263,25.07525511142756
mid_ross,2026-05-23,barramundi,Lates calcarifer,3,-19.28,146.78,Middle,15.386230058410844,23.906584055242263,25.07525511142756
mid_ross,2026-05-23,mangrove jack,NA,2,-19.28,146.78,Middle,15.386230058410844,23.906584055242263,25.07525511142756
upper_ross,2026-05-23,bream,Acanthopagrus spp.,3,-19.31,146.74,Upstream,5.140223276104231,23.82309138348403,26.519530057663808
upper_ross,2026-05-23,barramundi,Lates calcarifer,5,-19.31,146.74,Upstream,5.140223276104231,23.82309138348403,26.519530057663808
upper_ross,2026-05-23,flathead,Platycephalus spp.,5,-19.31,146.74,Upstream,5.140223276104231,23.82309138348403,26.519530057663808
upper_ross,2026-05-23,mangrove jack,NA,2,-19.31,146.74,Upstream,5.140223276104231,23.82309138348403,26.519530057663808
lower_ross,2026-05-24,barramundi,Lates calcarifer,1,-19.26,146.81,Downstream,28.28462308395766,24.14239799904327,24.259123201382977
lower_ross,2026-05-24,flathead,Platycephalus spp.,3,-19.26,146.81,Downstream,28.28462308395766,24.14239799904327,24.259123201382977
ross_mouth,2026-05-24,bream,Acanthopagrus spp.,4,-19.25,146.83,Marine,34.01301838449456,23.817920667237882,26.708225593258756
ross_mouth,2026-05-24,barramundi,Lates calcarifer,1,-19.25,146.83,Marine,34.01301838449456,23.817920667237882,26.708225593258756
ross_mouth,2026-05-24,flathead,Platycephalus spp.,5,-19.25,146.83,Marine,34.01301838449456,23.817920667237882,26.708225593258756
ross_mouth,2026-05-24,mangrove jack,NA,5,-19.25,146.83,Marine,34.01301838449456,23.817920667237882,26.708225593258756
mid_ross,2026-05-24,bream,Acanthopagrus spp.,2,-19.28,146.78,Middle,15.400518333321802,23.89189252055382,26.98318294020307
mid_ross,2026-05-24,barramundi,Lates calcarifer,1,-19.28,146.78,Middle,15.400518333321802,23.89189252055382,26.98318294020307
mid_ross,2026-05-24,flathead,Platycephalus spp.,1,-19.28,146.78,Middle,15.400518333321802,23.89189252055382,26.98318294020307
mid_ross,2026-05-24,mangrove jack,NA,2,-19.28,146.78,Middle,15.400518333321802,23.89189252055382,26.98318294020307
upper_ross,2026-05-24,barramundi,Lates calcarifer,3,-19.31,146.74,Upstream,5.035187133881739,24.042478956510838,23.443724751019893
upper_ross,2026-05-24,flathead,Platycephalus spp.,2,-19.31,146.74,Upstream,5.035187133881739,24.042478956510838,23.443724751019893
upper_ross,2026-05-24,mangrove jack,NA,4,-19.31,146.74,Upstream,5.035187133881739,24.042478956510838,23.443724751019893
lower_ross,2026-05-25,bream,Acanthopagrus spp.,3,-19.26,146.81,Downstream,28.8650293040616,24.116530387906476,25.130310663304087
lower_ross,2026-05-25,barramundi,Lates calcarifer,2,-19.26,146.81,Downstream,28.8650293040616,24.116530387906476,25.130310663304087
lower_ross,2026-05-25,flathead,Platycephalus spp.,1,-19.26,146.81,Downstream,28.8650293040616,24.116530387906476,25.130310663304087
lower_ross,2026-05-25,mangrove jack,NA,2,-19.26,146.81,Downstream,28.8650293040616,24.116530387906476,25.130310663304087
ross_mouth,2026-05-25,bream,Acanthopagrus spp.,3,-19.25,146.83,Marine,34.02355410298673,24.28413349227921,24.623672080521665
ross_mouth,2026-05-25,barramundi,Lates calcarifer,4,-19.25,146.83,Marine,34.02355410298673,24.28413349227921,24.623672080521665
ross_mouth,2026-05-25,flathead,Platycephalus spp.,7,-19.25,146.83,Marine,34.02355410298673,24.28413349227921,24.623672080521665
ross_mouth,2026-05-25,mangrove jack,NA,1,-19.25,146.83,Marine,34.02355410298673,24.28413349227921,24.623672080521665
mid_ross,2026-05-25,bream,Acanthopagrus spp.,4,-19.28,146.78,Middle,15.445827202377183,24.13278674969542,24.96576381084938
mid_ross,2026-05-25,barramundi,Lates calcarifer,1,-19.28,146.78,Middle,15.445827202377183,24.13278674969542,24.96576381084938
mid_ross,2026-05-25,mangrove jack,NA,1,-19.28,146.78,Middle,15.445827202377183,24.13278674969542,24.96576381084938
upper_ross,2026-05-25,bream,Acanthopagrus spp.,1,-19.31,146.74,Upstream,5.1145672032382485,23.97838288443249,24.326521817809684
upper_ross,2026-05-25,barramundi,Lates calcarifer,6,-19.31,146.74,Upstream,5.1145672032382485,23.97838288443249,24.326521817809684
upper_ross,2026-05-25,flathead,Platycephalus spp.,5,-19.31,146.74,Upstream,5.1145672032382485,23.97838288443249,24.326521817809684
upper_ross,2026-05-25,mangrove jack,NA,4,-19.31,146.74,Upstream,5.1145672032382485,23.97838288443249,24.326521817809684
lower_ross,2026-05-26,barramundi,Lates calcarifer,2,-19.26,146.81,Downstream,28.004352707935183,23.96428437254915,25.209338435647076
lower_ross,2026-05-26,flathead,Platycephalus spp.,2,-19.26,146.81,Downstream,28.004352707935183,23.96428437254915,25.209338435647076
lower_ross,2026-05-26,mangrove jack,NA,1,-19.26,146.81,Downstream,28.004352707935183,23.96428437254915,25.209338435647076
ross_mouth,2026-05-26,bream,Acanthopagrus spp.,1,-19.25,146.83,Marine,33.99903267108698,23.932945035029785,28.082215104855457
ross_mouth,2026-05-26,barramundi,Lates calcarifer,5,-19.25,146.83,Marine,33.99903267108698,23.932945035029785,28.082215104855457
ross_mouth,2026-05-26,flathead,Platycephalus spp.,8,-19.25,146.83,Marine,33.99903267108698,23.932945035029785,28.082215104855457
mid_ross,2026-05-26,bream,Acanthopagrus spp.,4,-19.28,146.78,Middle,14.414281060083727,24.09711436467564,28.98765548145267
mid_ross,2026-05-26,barramundi,Lates calcarifer,3,-19.28,146.78,Middle,14.414281060083727,24.09711436467564,28.98765548145267
mid_ross,2026-05-26,flathead,Platycephalus spp.,1,-19.28,146.78,Middle,14.414281060083727,24.09711436467564,28.98765548145267
mid_ross,2026-05-26,mangrove jack,NA,3,-19.28,146.78,Middle,14.414281060083727,24.09711436467564,28.98765548145267
upper_ross,2026-05-26,bream,Acanthopagrus spp.,1,-19.31,146.74,Upstream,4.793345263568167,24.079264798707662,25.069506198920212
upper_ross,2026-05-26,barramundi,Lates calcarifer,4,-19.31,146.74,Upstream,4.793345263568167,24.079264798707662,25.069506198920212
upper_ross,2026-05-26,mangrove jack,NA,1,-19.31,146.74,Upstream,4.793345263568167,24.079264798707662,25.069506198920212
lower_ross,2026-05-27,bream,Acanthopagrus spp.,2,-19.26,146.81,Downstream,27.773056943097792,24.089746547140894,26.146492850231496
lower_ross,2026-05-27,barramundi,Lates calcarifer,3,-19.26,146.81,Downstream,27.773056943097792,24.089746547140894,26.146492850231496
lower_ross,2026-05-27,flathead,Platycephalus spp.,2,-19.26,146.81,Downstream,27.773056943097792,24.089746547140894,26.146492850231496
lower_ross,2026-05-27,mangrove jack,NA,1,-19.26,146.81,Downstream,27.773056943097792,24.089746547140894,26.146492850231496
ross_mouth,2026-05-27,bream,Acanthopagrus spp.,2,-19.25,146.83,Marine,33.93273274343932,23.792907818348827,25.09710618990939
ross_mouth,2026-05-27,barramundi,Lates calcarifer,1,-19.25,146.83,Marine,33.93273274343932,23.792907818348827,25.09710618990939
ross_mouth,2026-05-27,flathead,Platycephalus spp.,7,-19.25,146.83,Marine,33.93273274343932,23.792907818348827,25.09710618990939
mid_ross,2026-05-27,bream,Acanthopagrus spp.,4,-19.28,146.78,Middle,14.548786041268668,23.928806834682476,25.643653206903345
mid_ross,2026-05-27,barramundi,Lates calcarifer,2,-19.28,146.78,Middle,14.548786041268668,23.928806834682476,25.643653206903345
mid_ross,2026-05-27,mangrove jack,NA,2,-19.28,146.78,Middle,14.548786041268668,23.928806834682476,25.643653206903345
upper_ross,2026-05-27,bream,Acanthopagrus spp.,2,-19.31,146.74,Upstream,4.993110521393873,23.899367567076766,25.808320575823576
upper_ross,2026-05-27,barramundi,Lates calcarifer,4,-19.31,146.74,Upstream,4.993110521393873,23.899367567076766,25.808320575823576
upper_ross,2026-05-27,mangrove jack,NA,1,-19.31,146.74,Upstream,4.993110521393873,23.899367567076766,25.808320575823576
lower_ross,2026-05-28,flathead,Platycephalus spp.,3,-19.26,146.81,Downstream,28.134447880770466,24.205480379998768,23.970221007684373
lower_ross,2026-05-28,mangrove jack,NA,2,-19.26,146.81,Downstream,28.134447880770466,24.205480379998768,23.970221007684373
ross_mouth,2026-05-28,bream,Acanthopagrus spp.,6,-19.25,146.83,Marine,34.02235531961542,23.766779852659898,24.15842460151605
ross_mouth,2026-05-28,flathead,Platycephalus spp.,5,-19.25,146.83,Marine,34.02235531961542,23.766779852659898,24.15842460151605
ross_mouth,2026-05-28,mangrove jack,NA,2,-19.25,146.83,Marine,34.02235531961542,23.766779852659898,24.15842460151605
mid_ross,2026-05-28,barramundi,Lates calcarifer,1,-19.28,146.78,Middle,14.771247645395984,24.184442903004527,25.80749773499506
mid_ross,2026-05-28,flathead,Platycephalus spp.,1,-19.28,146.78,Middle,14.771247645395984,24.184442903004527,25.80749773499506
mid_ross,2026-05-28,mangrove jack,NA,3,-19.28,146.78,Middle,14.771247645395984,24.184442903004527,25.80749773499506
upper_ross,2026-05-28,barramundi,Lates calcarifer,3,-19.31,146.74,Upstream,5.089380696466349,23.740017476861027,25.87266799541087
upper_ross,2026-05-28,flathead,Platycephalus spp.,1,-19.31,146.74,Upstream,5.089380696466349,23.740017476861027,25.87266799541087
upper_ross,2026-05-28,mangrove jack,NA,1,-19.31,146.74,Upstream,5.089380696466349,23.740017476861027,25.87266799541087
lower_ross,2026-05-29,bream,Acanthopagrus spp.,2,-19.26,146.81,Downstream,27.101187665372326,24.18519027091467,24.32446766854011
lower_ross,2026-05-29,barramundi,Lates calcarifer,3,-19.26,146.81,Downstream,27.101187665372326,24.18519027091467,24.32446766854011
lower_ross,2026-05-29,flathead,Platycephalus spp.,3,-19.26,146.81,Downstream,27.101187665372326,24.18519027091467,24.32446766854011
lower_ross,2026-05-29,mangrove jack,NA,1,-19.26,146.81,Downstream,27.101187665372326,24.18519027091467,24.32446766854011
ross_mouth,2026-05-29,bream,Acanthopagrus spp.,7,-19.25,146.83,Marine,34.16731834611233,24.032464322766195,25.432792907132598
ross_mouth,2026-05-29,barramundi,Lates calcarifer,1,-19.25,146.83,Marine,34.16731834611233,24.032464322766195,25.432792907132598
ross_mouth,2026-05-29,flathead,Platycephalus spp.,6,-19.25,146.83,Marine,34.16731834611233,24.032464322766195,25.432792907132598
ross_mouth,2026-05-29,mangrove jack,NA,1,-19.25,146.83,Marine,34.16731834611233,24.032464322766195,25.432792907132598
mid_ross,2026-05-29,bream,Acanthopagrus spp.,3,-19.28,146.78,Middle,15.500524985832138,23.860593597403643,25.456696807670717
mid_ross,2026-05-29,barramundi,Lates calcarifer,4,-19.28,146.78,Middle,15.500524985832138,23.860593597403643,25.456696807670717
mid_ross,2026-05-29,flathead,Platycephalus spp.,1,-19.28,146.78,Middle,15.500524985832138,23.860593597403643,25.456696807670717
mid_ross,2026-05-29,mangrove jack,NA,1,-19.28,146.78,Middle,15.500524985832138,23.860593597403643,25.456696807670717
upper_ross,2026-05-29,bream,Acanthopagrus spp.,4,-19.31,146.74,Upstream,5.313397769844918,24.186713158671793,23.43821674028778
upper_ross,2026-05-29,barramundi,Lates calcarifer,6,-19.31,146.74,Upstream,5.313397769844918,24.186713158671793,23.43821674028778
upper_ross,2026-05-29,flathead,Platycephalus spp.,1,-19.31,146.74,Upstream,5.313397769844918,24.186713158671793,23.43821674028778
upper_ross,2026-05-29,mangrove jack,NA,2,-19.31,146.74,Upstream,5.313397769844918,24.186713158671793,23.43821674028778
lower_ross,2026-05-30,bream,Acanthopagrus spp.,1,-19.26,146.81,Downstream,27.4147777706922,24.075024894470435,25.430811062577853
lower_ross,2026-05-30,flathead,Platycephalus spp.,1,-19.26,146.81,Downstream,27.4147777706922,24.075024894470435,25.430811062577853
lower_ross,2026-05-30,mangrove jack,NA,1,-19.26,146.81,Downstream,27.4147777706922,24.075024894470435,25.430811062577853
ross_mouth,2026-05-30,bream,Acanthopagrus spp.,1,-19.25,146.83,Marine,33.98601485678379,23.90304691731786,24.89732887398762
ross_mouth,2026-05-30,barramundi,Lates calcarifer,2,-19.25,146.83,Marine,33.98601485678379,23.90304691731786,24.89732887398762
ross_mouth,2026-05-30,flathead,Platycephalus spp.,4,-19.25,146.83,Marine,33.98601485678379,23.90304691731786,24.89732887398762
ross_mouth,2026-05-30,mangrove jack,NA,3,-19.25,146.83,Marine,33.98601485678379,23.90304691731786,24.89732887398762
mid_ross,2026-05-30,bream,Acanthopagrus spp.,6,-19.28,146.78,Middle,14.206687282916372,24.066734869743193,25.670968838476686
mid_ross,2026-05-30,barramundi,Lates calcarifer,2,-19.28,146.78,Middle,14.206687282916372,24.066734869743193,25.670968838476686
mid_ross,2026-05-30,flathead,Platycephalus spp.,1,-19.28,146.78,Middle,14.206687282916372,24.066734869743193,25.670968838476686
upper_ross,2026-05-30,bream,Acanthopagrus spp.,2,-19.31,146.74,Upstream,4.919844370261769,24.010381404577473,24.646402971170623
upper_ross,2026-05-30,barramundi,Lates calcarifer,6,-19.31,146.74,Upstream,4.919844370261769,24.010381404577473,24.646402971170623
upper_ross,2026-05-30,flathead,Platycephalus spp.,2,-19.31,146.74,Upstream,4.919844370261769,24.010381404577473,24.646402971170623
upper_ross,2026-05-30,mangrove jack,NA,1,-19.31,146.74,Upstream,4.919844370261769,24.010381404577473,24.646402971170623
