scientific_name,zone,mean_count,sd_count,mean_salinity,sd_salinity
Acanthopagrus spp.,Downstream,2.5,1.2510864843424485,27.954882401602763,0.38609441476549206
Acanthopagrus spp.,Marine,2.5925925925925926,1.8029731697150266,34.01547692505683,0.10730153937601127
Acanthopagrus spp.,Middle,2.481481481481482,1.451004171397555,14.95122270909841,0.3950271908140083
Acanthopagrus spp.,Upstream,2.75,1.5545631755148024,4.98284359128912,0.1962420090025873
Lates calcarifer,Downstream,2,1.285369173834303,27.944823877854137,0.36051010919772225
Lates calcarifer,Marine,1.807692307692308,1.296741478297992,34.027780566362495,0.10505777837386655
Lates calcarifer,Middle,2.357142857142857,1.2236643728386052,14.909635170868185,0.4122502914680027
Lates calcarifer,Upstream,4.8,1.689725543925138,4.988139612881448,0.19055667728856843
Platycephalus spp.,Downstream,2.1724137931034484,0.8891796185747116,27.95074592648879,0.34836528151257995
Platycephalus spp.,Marine,5.666666666666667,1.2954385047312087,34.02182759144852,0.1043150918906305
Platycephalus spp.,Middle,2.3600000000000003,1.254325848148452,14.875692078454703,0.4028876758275887
Platycephalus spp.,Upstream,2.76,1.6401219466856725,5.013071751240346,0.1912960210662062
NA,Downstream,2.2222222222222223,1.5770794168904387,27.937231244091667,0.3552175244542792
NA,Marine,1.875,0.9469631093315001,34.0260199062667,0.10688738930785677
NA,Middle,2.269230769230769,0.8744228866031495,14.936529354071727,0.3869311584421475
NA,Upstream,2.111111111111111,1.0127393670836664,5.003287344336752,0.190567959111108
